title,company,location
Backend Developer,DesignNex Technologies,"Noida, Uttar Pradesh"
Web Developer,Edunext Technologies Pvt Ltd,"Noida, Uttar Pradesh"
Frontend Developer,CPCL,"Noida, Uttar Pradesh"
Junior Software Developer,IKM Investors Private Limited,"Noida, Uttar Pradesh"
Front-end Developer,AutoBit Software Services Pvt. Ltd.,"Noida, Uttar Pradesh"
Full Stack Developer,Shanvi Infotec,"Noida, Uttar Pradesh"
Full Stack Developer,WebCoir IT Solutions Pvt Ltd,"Noida, Uttar Pradesh"
Full Stack Developer,EGLOGICS Softech Pvt Ltd,"Noida, Uttar Pradesh"
Full Stack Developer,Wish Geeks Techserve Private Limited,"Noida, Uttar Pradesh"
.NET Developer,AI EDUCATIONAL GROUPS,"Noida, Uttar Pradesh"
Software Engineer,RCM Bharat PVT LTD,"Noida, Uttar Pradesh"
Python Developer,Navyug Infosolutions Pvt. Ltd.,"Noida, Uttar Pradesh"
Software Engineer,Kliento Technologies,"Noida, Uttar Pradesh"
Fullstack Developer,TELUS Digital -,"Noida, Uttar Pradesh"
Full Stack Developer,Excellence Technologies,"Noida, Uttar Pradesh"
